type,area,suitability,energy_production
shed,3617.0074511876774,0.7480679420236476,575972.0797727396
hip,1637.4215946833397,0.7392103484336927,254729.40303758753
butterfly,227.86180022109895,0.6969675897360743,33350.58083553467
solar,599.9999999999999,0.5166666666666666,65099.99999999998
