Typ,Plocha [m²],Vhodnost [-],Potenciální výroba [kWh/rok]
sawtooth,236.2,0.685,33704.2
hip,1637.42,0.65,223134.69999999998
pyramid,1724.12,0.64875,234598.7
butterfly,227.86,0.63,30353.300000000003
mansard,260.2,0.622,33780.0
shed,3855.87,0.5766666666666667,518169.69999999995
gable,1307.88,0.515,153696.6
flat,2500.0,0.49,256591.2
solar,2400.0,0.49,246327.5
